Model,MAE,RMSE,R2
Linear Regression,0.74901472051482,1.2612173730100413,0.9597554680958286
Random Forest,1.89379386666666,3.772932733953145,0.6398485925502984
